first_name,last_name,email,phone,bio,suburb,state,postcode,cover_photo,password,created_at,updated_at
Danielle,Johnson,jeffreydoyle@hotmail.com.au,9600.1338,Ad dicta officiis molestias dolore nihil repellat ab rem praesentium.,Joshuaborough,QLD,2951,covers/30b4af9d26a4ae4bb554bfdf3d41384d_cover8.jpg,$2y$10$060a34883a44a1dadb79968a58492d65,2025-04-14 05:40:53,2025-04-14 05:40:53
Tracie,Wyatt,oramirez@martin-kelly.net,+61.419.283.276,Voluptatibus odit nam placeat sapiente quod dolorem.,Lake Richardland,QLD,2679,covers/0840338aeefd529e6b8e97973d7efca9_cover2.jpg,$2y$10$09f6c7a257b252685c5fbaaa72015852,2025-04-14 05:40:53,2025-04-14 05:40:53
Michelle,Hernandez,ycarlson@carlson-mcdonald.net,0401-845-146,Iste veritatis soluta ea magnam debitis.,New Meaganhaven,QLD,7325,covers/5717dce68a393a97497a4c31c08d6abe_cover18.jpg,$2y$10$cb1315de6b4c47cb6cea6409f877722c,2025-04-14 05:40:53,2025-04-14 05:40:53
Stacey,Martin,sarahcampos@yahoo.com,(08)-5787-1331,Accusantium mollitia nihil ab provident animi architecto adipisci.,Chadbury,QLD,2873,covers/79e575aee95c2947baa118a38104bbfc_cover16.jpg,$2y$10$9c4551c53892206cf452916f05caa770,2025-04-14 05:40:53,2025-04-14 05:40:53
Lauren,Rodriguez,amandataylor@ramirez.com.au,+61.2.0801.3267,Distinctio id animi fugiat voluptates eaque quos iste in.,Mooreport,QLD,2670,covers/e4192659dee36ec8ec44bdcd3d59f698_cover15.jpg,$2y$10$19c7d0ac93a2d607e4fe001add3ed2e7,2025-04-14 05:40:53,2025-04-14 05:40:53
Christine,Barnes,james53@hotmail.com,+61 3 4751 0799,Asperiores distinctio eaque ut sunt.,Lake Justin,QLD,2618,covers/d2982b8e36f38e76f2f6c002a26c0d97_cover9.jpg,$2y$10$100d930278d720b494cc89e11933cb7e,2025-04-14 05:40:53,2025-04-14 05:40:53
Tracy,Whitehead,waltersmaria@smith.net,08-8680-1128,Rerum nesciunt corporis consectetur est.,Lake Jasonbury,QLD,2558,covers/c638009f05f94a2ba805ac069f8acf76_cover7.jpg,$2y$10$85a67562f7a49efe78f99d43e48c5d85,2025-04-14 05:40:53,2025-04-14 05:40:53
Monica,Garrison,lisastevens@hoover-savage.org.au,3654 1458,Perspiciatis sapiente ex adipisci soluta ea neque voluptates.,East Candacestad,QLD,2946,covers/6d89fec7da2c09c67801b6b4478495fc_cover6.jpg,$2y$10$3964a75066c494a95552c104bbf7eb79,2025-04-14 05:40:53,2025-04-14 05:40:53
William,Estrada,jterry@yahoo.com,08.6299.4680,Enim inventore neque omnis iure ipsam distinctio.,Leonburgh,QLD,2448,covers/30141fb6ba02367acc017d6c9e9b3c2e_cover28.jpg,$2y$10$d33e053d9d1b7e0ce8f97ff58b0336e6,2025-04-14 05:40:53,2025-04-14 05:40:53
Diana,Smith,zrobinson@holmes.com.au,+61.3.7889.5798,Rerum molestias tempore quia labore ea doloribus odit quisquam.,Simsview,QLD,2611,covers/eb7e3da8fd8adeadccacb13778863304_cover3.jpg,$2y$10$af96f5fc1cb9acc8c1f1fd773df4585b,2025-04-14 05:40:53,2025-04-14 05:40:53
Adam,Bell,vmedina@hotmail.com.au,+61 437 346 706,Pariatur reiciendis quam saepe ullam voluptatem modi tenetur.,East Dawnberg,QLD,2902,covers/2da29275466fa23d7203d8904b904b1d_cover2.jpg,$2y$10$3d9f671b88d5543d1c8ab03888b1f041,2025-04-14 05:40:53,2025-04-14 05:40:53
Elijah,Martinez,stevenscott@jackson-lawson.com.au,07-1904-9663,Nihil rerum doloribus possimus error.,North Michaelchester,QLD,2971,covers/c1856f4a4a321168707912eb263bf338_cover6.jpg,$2y$10$b9500935ce7d479e176c7d797680f67b,2025-04-14 05:40:53,2025-04-14 05:40:53
Marcus,Sanchez,nicole37@bishop.net.au,08-3545-4948,Maxime deleniti dolores illo.,St. Debbie,QLD,2920,covers/c43fc9a4a132f1312310ffe17f7a5da5_cover14.jpg,$2y$10$f65cd89f99d4752aa194061435b694dd,2025-04-14 05:40:53,2025-04-14 05:40:53
Stephanie,Vaughn,joannahill@bray.com.au,07.3524.0824,Voluptate mollitia possimus commodi sit.,Garciatown,QLD,5477,covers/90f5910ce9dc2222d1b55e05c3f79f7c_cover15.jpg,$2y$10$04feb9f2863a679935d011edad937763,2025-04-14 05:40:53,2025-04-14 05:40:53
Omar,Kerr,ntorres@gmail.com,+61 413 341 232,Asperiores a ipsum nisi eos doloremque provident praesentium iste porro.,Kristinshire,QLD,2666,covers/fc7c0778ef5ee9a6daa2e8c8cb7d8aa9_cover2.jpg,$2y$10$37c60a14832b43881818780310793999,2025-04-14 05:40:53,2025-04-14 05:40:53
Bill,Reynolds,anthony39@hotmail.com.au,4902 7874,Voluptatum ipsa repellendus voluptas iusto illum.,Elizabethburgh,QLD,2956,covers/701cbb6d9d4d0c2a6cfdaf5ca20e7b34_cover13.jpg,$2y$10$d26319706b5bb900b1623e2930f9ade2,2025-04-14 05:40:53,2025-04-14 05:40:53
Colleen,Wolf,andrea47@washington.org.au,07-8086-1317,Officia culpa ut eos provident impedit.,Bairdbury,QLD,2908,covers/4e8f0ed6a9d89c1296c0ccd09220a0e8_cover27.jpg,$2y$10$2384dfd3787f19cf7e3467d363a0fc5a,2025-04-14 05:40:53,2025-04-14 05:40:53
Martin,Hines,mcantu@yahoo.com,0463.605.766,Libero alias magnam nihil sit soluta.,Garciamouth,QLD,1262,covers/3404258057e0fbeafef9c9b7c3ca5c8d_cover15.jpg,$2y$10$22ed73a8b4be203df0a00cd059a85b93,2025-04-14 05:40:53,2025-04-14 05:40:53
Wendy,Francis,hodgesjane@gmail.com,+61.3.4005.0455,Corporis minus natus recusandae cumque aspernatur sit nulla dolores.,South Steven,QLD,2774,covers/41bb0a2ae27153a1e442c71debe47e95_cover29.jpg,$2y$10$7320d7198ca440036802e2d197b64d95,2025-04-14 05:40:53,2025-04-14 05:40:53
Ashley,Andrews,spencedominique@hotmail.com,9097 4395,Odio numquam perspiciatis quam omnis saepe occaecati.,New Kristinaton,QLD,6521,covers/c7553dbcb8946405261b894442ec9f97_cover18.jpg,$2y$10$0398fab38526ea15842f9c8411962f4f,2025-04-14 05:40:53,2025-04-14 05:40:53
Karen,Perez,christopher60@hotmail.com,0417-549-651,Iusto nulla velit eveniet nostrum officia odio.,Blankenshipport,QLD,0212,covers/8883d111a4ad4245387e02741ef3c49a_cover1.jpg,$2y$10$74adb545df56cdf94d1ce5d537da8346,2025-04-14 05:40:53,2025-04-14 05:40:53
Sheila,Ramirez,scottsampson@hotmail.com,58506431,At distinctio odit voluptas amet ex voluptates ratione dignissimos.,South Lisa,QLD,2685,covers/86a065b279568f060a59554c6db4c24d_cover11.jpg,$2y$10$5d2161fdeaf69c427da945dab9ac3145,2025-04-14 05:40:53,2025-04-14 05:40:53
Alicia,Reese,gstrickland@hotmail.com.au,78390847,Aperiam laboriosam illo placeat laudantium.,Jonesland,QLD,2949,covers/198fd2f2fe1a701da1e6b54e3f843112_cover28.jpg,$2y$10$9a918c29a31b6892725e76bfc74e0365,2025-04-14 05:40:53,2025-04-14 05:40:53
Maria,Ross,ronald45@mcdaniel.com.au,1161.5280,Vero natus pariatur illum sit velit in totam amet enim.,Michaelshire,QLD,3327,covers/b51a2c7a550e08cc997ddb9902af388d_cover22.jpg,$2y$10$d701d0a8f1a666adbe14cbfde5d75e4f,2025-04-14 05:40:53,2025-04-14 05:40:53
Michael,White,vjones@bonilla.biz,+61-8-5254-5991,Culpa quidem amet aspernatur ipsam.,Tuckermouth,QLD,0243,covers/eab38226fbef7273aad0c2403cba4bfb_cover18.jpg,$2y$10$769be03b56db24d3b565dade2d8b8812,2025-04-14 05:40:53,2025-04-14 05:40:53
Tyler,Jordan,opatel@hansen.biz,6071-5969,Quae in beatae accusantium eveniet reiciendis nulla rerum.,Christopherville,QLD,2696,covers/2a2b8e313d8bde515184eced91a05638_cover10.jpg,$2y$10$414e068ed7d80c601768d2b9cbb46254,2025-04-14 05:40:53,2025-04-14 05:40:53
James,Morrison,stephanieburton@webster-wolf.info,+61.499.552.717,Occaecati recusandae nihil explicabo asperiores iure alias fuga enim.,Port Stevenside,QLD,2179,covers/53c0768eb1e669fe06baa53e6581368d_cover14.jpg,$2y$10$466c4e6f980c2904e9560b9c64de73d8,2025-04-14 05:40:53,2025-04-14 05:40:53
Paul,Schroeder,cameron18@hughes.edu.au,07 1925 4629,Est fugiat recusandae repellat pariatur.,Port Williamtown,QLD,2974,covers/eb7164fd9b0df906e99b94092a386eb3_cover22.jpg,$2y$10$83e49f3367c02c651ba67003cf9d0a31,2025-04-14 05:40:53,2025-04-14 05:40:53
Bradley,Diaz,wbishop@bowers.info,07.9774.6886,Repellendus reiciendis consequuntur dolorum odit soluta.,East Justinburgh,QLD,2878,covers/e10fc610a922f3ad5c8334cf926e1e16_cover7.jpg,$2y$10$7cf8024045b5ad25961a431e43bf54b3,2025-04-14 05:40:53,2025-04-14 05:40:53
Heather,Taylor,fgilbert@gmail.com,(03) 2898 6143,Commodi dolores odit numquam aperiam saepe libero.,South Jenniferport,QLD,2600,covers/9f81ae9e12d044badaec01abd629dce8_cover6.jpg,$2y$10$8eb0eb6bef65ba313b657ce8d91d4ec8,2025-04-14 05:40:53,2025-04-14 05:40:53
Michael,Quinn,dennis58@li-thompson.info,+61321704303,Et est id repellendus labore.,South Justinton,QLD,2954,covers/693a312a9adfd95de7d47b9022b1a87c_cover25.jpg,$2y$10$1932ac7a881918b1d01a6766adcd039e,2025-04-14 05:40:53,2025-04-14 05:40:53
Christopher,Guerrero,bmorrison@yahoo.com,+61.7.7059.6401,Facilis reiciendis perspiciatis veritatis consequuntur non quos alias.,South Kimberlystad,QLD,2976,covers/abf190d2d7726468634a87b58b0cb62d_cover7.jpg,$2y$10$af0a0475015304386aa373c6f8dc3201,2025-04-14 05:40:53,2025-04-14 05:40:53
Jason,Carr,davidfarrell@yahoo.com.au,08-1551-8844,Quae unde odit recusandae magni commodi.,West Joel,QLD,2920,covers/821ac361a414ddfcc9ea9666ea96834f_cover23.jpg,$2y$10$11fd155f8ad87f1be2bd9ad38be4b0f0,2025-04-14 05:40:53,2025-04-14 05:40:53
Melvin,Humphrey,ryanbartlett@guerra.org,(03)-2535-8414,Odio mollitia commodi esse modi magnam.,West George,QLD,0895,covers/d32e3452838d3351edae34f488b4eabc_cover23.jpg,$2y$10$acb01773fd4e573842bcb93bc88237c4,2025-04-14 05:40:53,2025-04-14 05:40:53
Charles,Brown,nwashington@hotmail.com,+61 425 556 258,Autem dolores commodi ipsum consequuntur amet veniam sint in vitae.,Lake Sarah,QLD,2943,covers/11fb2e41bd3400f567dbff1bbbe933bb_cover17.jpg,$2y$10$d63380250ce15887b30091b0c481a0df,2025-04-14 05:40:53,2025-04-14 05:40:53
Melanie,Jordan,kathryn50@yahoo.com.au,9835-8416,Ipsum mollitia repudiandae numquam nostrum consectetur atque fuga voluptates.,Kariborough,QLD,7868,covers/af568e807bb70fd57a8d1fb5a8ba3c91_cover3.jpg,$2y$10$2dbbac7b8a3a757ee3cb80faa425d958,2025-04-14 05:40:53,2025-04-14 05:40:53
Thomas,Smith,whitneybrandy@gmail.com,+61 474 993 097,Minima quam quo fugit reprehenderit doloribus.,South Andrewmouth,QLD,0226,covers/368a1cc314825ffdf716bbe0c177b8aa_cover30.jpg,$2y$10$0557a696a5bda99a75cbacc2b528a722,2025-04-14 05:40:53,2025-04-14 05:40:53
James,Wright,shellyhendrix@hotmail.com,08.5758.4419,Fugit voluptatem repellendus veritatis rem enim enim quae expedita ipsam.,Julieborough,QLD,2668,covers/17030f24a0e2d81a76063111ccb96642_cover8.jpg,$2y$10$ca0addefa4f12da606f1466d46cb741f,2025-04-14 05:40:53,2025-04-14 05:40:53
Denise,Gilmore,wsantos@hotmail.com,(07).0193.8026,Ut alias saepe ratione delectus quibusdam.,Nancytown,QLD,2939,covers/4b25baf0b130ce402e614b2c4e16c1b2_cover25.jpg,$2y$10$049e6dc154a530463970c1314d45dd3d,2025-04-14 05:40:53,2025-04-14 05:40:53
Ashley,Todd,gwilcox@miller-caldwell.org,08 5304 6374,Error quam accusamus officiis possimus aperiam blanditiis esse.,Parksport,QLD,2619,covers/058291dd5d55729f38fa448e426a6a50_cover6.jpg,$2y$10$fe829f0dd2f7524371579cfe03fe8588,2025-04-14 05:40:53,2025-04-14 05:40:53
Sean,Padilla,brownamy@harris.edu,+61.2.3971.8707,Maiores itaque animi iure rem quam.,Scotttown,QLD,2679,covers/77c0423f69bc67362b42f13c1163ef3e_cover19.jpg,$2y$10$021738518307028bd483f14e23741efc,2025-04-14 05:40:53,2025-04-14 05:40:53
Dean,Dalton,victorialong@luna.com,4786 8633,Expedita eius vel quam beatae repellat in quisquam sunt.,South Jamieville,QLD,7079,covers/717cff869f8ab85f7eebb5ed25dd4309_cover24.jpg,$2y$10$5a04b296d1224b1d8af69bc6a4d0fb0d,2025-04-14 05:40:53,2025-04-14 05:40:53
Valerie,Boyd,joshua89@yahoo.com,+61-468-705-685,Illum error delectus modi dolores dolorem similique corporis iure.,Port Tammyside,QLD,8263,covers/dc4a735399f7dabdf7f9013144bd96bf_cover13.jpg,$2y$10$b338bbc00cec87735fca7f7247dac135,2025-04-14 05:40:53,2025-04-14 05:40:53
Susan,Smith,burgesskaren@dominguez.org.au,+61 3 8546 7854,Facere sunt iure rem quam quis eum.,Lake Lawrence,QLD,2193,covers/cb63cea05b3046378dc1093b523c8bd8_cover5.jpg,$2y$10$d55f837380fc9baa674198c85ca4d87f,2025-04-14 05:40:53,2025-04-14 05:40:53
Tracy,Stark,combscharles@williams.org.au,2038.7509,Totam omnis accusamus minus illum accusantium quam modi enim magnam praesentium.,Drakeburgh,QLD,2518,covers/2401b29d8171e8d866d594c2458fc116_cover3.jpg,$2y$10$3d059fd27ba21eb90d9eb7c1698b82f2,2025-04-14 05:40:53,2025-04-14 05:40:53
Thomas,Walsh,porterryan@knight-hodge.com.au,0403 397 401,Tempore natus adipisci ut et vero nesciunt.,Hickmanport,QLD,2649,covers/4507b25b54956f886e8de7aa5aedf263_cover15.jpg,$2y$10$c9aef7efe453a9693c69bc58bad8c966,2025-04-14 05:40:53,2025-04-14 05:40:53
Cynthia,Bowers,jperez@yahoo.com.au,+61-3-9619-4311,Culpa quae odio qui et autem a.,Seanview,QLD,2521,covers/4f5c4a45a3376cc53b2ba30b4e352554_cover19.jpg,$2y$10$0d686c94bf3b9a01ea0707b5c4421191,2025-04-14 05:40:53,2025-04-14 05:40:53
Gina,Jackson,joseph21@yahoo.com,+61-7-6471-5437,Nulla itaque consequatur ab id sapiente fugit similique ipsam inventore.,New Malik,QLD,2667,covers/85dede076b26dd7443c67bc32335759e_cover6.jpg,$2y$10$0a379e904d0affef8aca3269315357d8,2025-04-14 05:40:53,2025-04-14 05:40:53
Sherry,Clark,fuenteslaura@yahoo.com.au,+61.472.434.266,Ipsum nisi neque modi unde.,Stephensstad,QLD,4911,covers/d185727540ca4a28030146aa96450231_cover15.jpg,$2y$10$2dc041784ee862f9bda7a0ea07b66e11,2025-04-14 05:40:53,2025-04-14 05:40:53
Neil,Ford,whitney71@perry-nixon.com.au,07 4573 8757,Ipsa possimus eum error repellat.,North Melindaville,QLD,2643,covers/984353f7062d885862bf83e46429d0c7_cover7.jpg,$2y$10$8e52455bbc16ca1ded171e36b2d649dd,2025-04-14 05:40:53,2025-04-14 05:40:53
Cristian,Wiggins,mark71@lambert-burns.net.au,+61 469 691 557,Cupiditate perferendis reiciendis ullam nihil perferendis est dolores blanditiis fuga consequuntur.,Barnesberg,QLD,5662,covers/f1fe27b56baff32cd4960acfe7c88004_cover25.jpg,$2y$10$a1e14acbe78403723feee07e76ba11d3,2025-04-14 05:40:53,2025-04-14 05:40:53
Christopher,Johnson,antonio38@jackson-ellis.info,0481-914-858,Quis ipsam dolor incidunt quasi.,New Nancy,QLD,2174,covers/aa049d4a7fca10aabb57aa326715acee_cover18.jpg,$2y$10$b4a1cb5dc8ca065221a2b7265666e222,2025-04-14 05:40:53,2025-04-14 05:40:53
Juan,Ryan,keith48@gmail.com,08 0422 3253,Laudantium neque eaque impedit iste odio sunt at.,Heatherstad,QLD,2907,covers/64fd76e987cea3b2ee3a521c3c56f460_cover30.jpg,$2y$10$0676f746499169a973f13d65198bb8c4,2025-04-14 05:40:53,2025-04-14 05:40:53
Kristina,Shannon,garciakristen@smith-noble.org,+61.8.0632.4241,Dolorum fuga temporibus cumque id esse praesentium doloremque.,East Aaronfort,QLD,2329,covers/8705282ac1474767b76a32f212bae493_cover24.jpg,$2y$10$969070c5d7a7da57ae2c056945df44db,2025-04-14 05:40:53,2025-04-14 05:40:53
Anna,Bishop,nbell@goodman.info,02.1219.6565,Dolorum officia dolorum nobis quam eligendi.,New Jamiehaven,QLD,2666,covers/1eaf567948713219bc4eafe27e070f42_cover11.jpg,$2y$10$0bbd50317ec3fc85e981353c30f94c0e,2025-04-14 05:40:53,2025-04-14 05:40:53
Alvin,Jones,billbrown@yahoo.com.au,0448 666 188,Corrupti assumenda aspernatur ullam voluptate culpa eveniet nesciunt quis officiis officia.,Hollybury,QLD,2231,covers/6ed2c280cbdb2531738a011fe67f5a1c_cover24.jpg,$2y$10$89c2e60dce9828e2538c39aad04b2fc7,2025-04-14 05:40:53,2025-04-14 05:40:53
Kelsey,Johnson,alexandria49@gmail.com,+61885079252,Quo tempora perferendis beatae qui a similique.,South Brandonstad,QLD,2982,covers/0b6c7cf43386692129ceef1a53bb0f46_cover23.jpg,$2y$10$77cbf3c4f052338659618d1e96bdfa66,2025-04-14 05:40:53,2025-04-14 05:40:53
Stephanie,Jones,kiara45@gmail.com,0470-534-949,Iure nihil laudantium quo deserunt tempore quis.,West Adam,QLD,0203,covers/d5a3390fed1da6eac9279643b7fefd02_cover14.jpg,$2y$10$9c326bc6655c4a7931ed54983bcb886c,2025-04-14 05:40:53,2025-04-14 05:40:53
Phyllis,Meyer,fvillegas@hotmail.com.au,82619906,Dolores ea et reiciendis praesentium quasi.,Shawnbury,QLD,2332,covers/54e087b55b65d15b4c7ed15af392a07a_cover18.jpg,$2y$10$4cd35d0027cfb9a6ffbb8d13876b9429,2025-04-14 05:40:53,2025-04-14 05:40:53
Eddie,Dawson,rpalmer@hotmail.com,(03) 0678 8317,Rem consequuntur accusamus rerum voluptatem.,South Madison,QLD,2971,covers/f179b99a378e93bb17b0a2510bfe4e50_cover5.jpg,$2y$10$e76f1e7fecd390c8b93be02337d89d14,2025-04-14 05:40:53,2025-04-14 05:40:53
Michael,Odonnell,sean20@hotmail.com.au,+61 493 476 870,Eius consequatur dicta suscipit minima.,Port Kimberlystad,QLD,2918,covers/4b35fc3533562c4489c4c1520fb88c7d_cover11.jpg,$2y$10$5759240fd9a0438212d39c77f5fd5012,2025-04-14 05:40:53,2025-04-14 05:40:53
Amanda,Moody,barbaramcgrath@kelly-combs.org,03-9559-0599,Natus deleniti voluptates sunt laudantium est.,Johnsonton,QLD,2689,covers/59327b920691220e4b4dd1a09bbb748f_cover16.jpg,$2y$10$2659c347438adf676c6c6dff5f4d4e08,2025-04-14 05:40:53,2025-04-14 05:40:53
Brenda,Rogers,theresaoconnor@yahoo.com.au,+61-475-289-539,Fugiat quasi eos debitis a praesentium.,Rosalesshire,QLD,2129,covers/58a0fe7dbd88c5723d27b576d273c4a9_cover11.jpg,$2y$10$47e2e4cd1a979b3270d8e3c3a52c9e76,2025-04-14 05:40:53,2025-04-14 05:40:53
Jason,Steele,kristin00@yahoo.com.au,+61.8.2676.5861,Ratione neque quis dolorem iste reiciendis alias accusantium ea.,East Matthewfurt,QLD,2641,covers/937d1fea4d9e2d5b2c8511ae8c915916_cover30.jpg,$2y$10$2adf0d90349127bd863b0110fee4458b,2025-04-14 05:40:53,2025-04-14 05:40:53
Brandon,Armstrong,briansmith@gmail.com,(08)-3103-2417,Est id laudantium optio at.,Lopezfurt,QLD,2972,covers/57fefe033e635699bd58bada3f7a0a08_cover25.jpg,$2y$10$f449d5cf485eb66f19319a84a4ddff43,2025-04-14 05:40:53,2025-04-14 05:40:53
Nicole,Alvarez,torr@shaw.edu.au,+61.492.172.233,Aliquam aspernatur placeat dicta reprehenderit corporis.,Luisland,QLD,2468,covers/245867871f8cef7504e218fbd171ad8a_cover18.jpg,$2y$10$cf148c271860bed509bb0a56344fffeb,2025-04-14 05:40:53,2025-04-14 05:40:53
Nicole,Humphrey,kpena@hotmail.com.au,+61224629960,Suscipit ex dolores quia ullam tempore accusantium repellendus.,Larryfort,QLD,2532,covers/fe4baa53bcb19951b11c7be33d46b2c3_cover15.jpg,$2y$10$ac64d02b06193f9ccbabc10e70776fdd,2025-04-14 05:40:53,2025-04-14 05:40:53
Derek,York,jameswhitaker@wright.com,(03)45786103,Laborum ipsum vero labore mollitia exercitationem saepe ea.,New Anthonyton,QLD,2649,covers/4c6f7a04f03d8497f14dcb59247c4ba2_cover21.jpg,$2y$10$37a8f0b1d136bed77f9f1345e377dbeb,2025-04-14 05:40:53,2025-04-14 05:40:53
Stephen,Robinson,asilva@hotmail.com.au,+61.458.994.417,Excepturi eius eveniet eius omnis.,Jacobhaven,QLD,2690,covers/339dc18a3cc8a7995fe49d49665a3411_cover4.jpg,$2y$10$bed4aca58e07888c6541eb6c20d41e97,2025-04-14 05:40:53,2025-04-14 05:40:53
Rebecca,Powers,marywalter@yahoo.com,(02)-7248-2513,Dolore sit in suscipit fuga nesciunt iure blanditiis.,East Thomasborough,QLD,3168,covers/ee8dd883e3babc69115dcd0f788e732a_cover15.jpg,$2y$10$57704f715a9e0f6d260fffc08933e624,2025-04-14 05:40:53,2025-04-14 05:40:53
Kathleen,Jackson,xglover@anderson.biz,+61 8 7600 8350,Quidem minus accusantium a quasi dolorem soluta est.,Port Wesleyport,QLD,2641,covers/4eec47c501dcce9fa411169bda72b3f2_cover3.jpg,$2y$10$f44028a3db21a9e94906a11b6415815c,2025-04-14 05:40:53,2025-04-14 05:40:53
Jason,Johnson,richardsondebra@brooks.net,0490-901-001,Ipsam commodi dolorum praesentium dignissimos placeat ab in aut.,Cindyberg,QLD,0218,covers/6a770043ef95dea3ac760cc669c75eee_cover21.jpg,$2y$10$55759cd437286f864b575cb7379b7fc9,2025-04-14 05:40:53,2025-04-14 05:40:53
Alexander,Davis,fhernandez@jones.org.au,+61.7.4701.2045,Incidunt blanditiis sed tempora ab consequuntur officia eveniet.,Friedmanview,QLD,2455,covers/3d6103093e81dc8ca2de6d7eeeb43fb2_cover26.jpg,$2y$10$6a340075d313ab12320ef73f686aed77,2025-04-14 05:40:53,2025-04-14 05:40:53
Kimberly,Carr,hknapp@alexander-brown.net.au,8993 5889,Inventore quas laboriosam optio odit.,North Alexander,QLD,2648,covers/49dc8925bddd74214b213642f278c83a_cover18.jpg,$2y$10$d92c7d368e15ede30290caa524f4a595,2025-04-14 05:40:53,2025-04-14 05:40:53
Curtis,Gutierrez,connersylvia@torres.info,(07).0375.8997,Quaerat beatae quis dolore exercitationem rerum vitae eos.,Jacquelineton,QLD,2647,covers/0f898acf54d04ab0bab6dd4495ca0925_cover5.jpg,$2y$10$7855c047935e50605e33429c06ada7cb,2025-04-14 05:40:53,2025-04-14 05:40:53
Dennis,Porter,eroberson@norman.org,02 6995 8669,Earum vitae voluptas iste consequatur impedit praesentium.,Meganside,QLD,2948,covers/d69629b20a9884c057842dbe71bac6f9_cover14.jpg,$2y$10$23029830613513de2e442debfa1a7697,2025-04-14 05:40:53,2025-04-14 05:40:53
Natalie,Henderson,johnsondustin@brown.net,+61.442.043.805,Aut sint qui sint quia natus dolores quos reiciendis.,Heatherton,QLD,2986,covers/4cb16232b7d6512f7ecee91d5138e0a7_cover21.jpg,$2y$10$5d90b1861c58e45743a286a5a544b206,2025-04-14 05:40:53,2025-04-14 05:40:53
Shane,Lucero,sydneymoss@bennett.net,0442-294-057,Aliquam ut nisi quo numquam sapiente.,Tracyshire,QLD,9515,covers/b6ea5aa3d50ffabac8666d113aa272c9_cover14.jpg,$2y$10$0d24449e410ab6fe0b91e83941429afa,2025-04-14 05:40:53,2025-04-14 05:40:53
Elizabeth,Griffin,flemingmanuel@cruz.net,8588 7704,Eum aspernatur atque voluptas quo modi.,South Ellenborough,QLD,2601,covers/c7a9e62872f309c9957c9d0e16259832_cover32.jpg,$2y$10$9d7ca0d86f68dbd65e221f8087b854ac,2025-04-14 05:40:53,2025-04-14 05:40:53
Andre,Nunez,avilabrenda@charles.net,+61.449.147.660,Culpa dolore quia reiciendis sed eos odio error suscipit.,Susantown,QLD,9821,covers/f5eec4ca8ace74a3405788c1b402ffc3_cover26.jpg,$2y$10$cfc100e452ca774b38d38df6639b1e2a,2025-04-14 05:40:53,2025-04-14 05:40:53
Melissa,York,robertscarlos@gmail.com,08.5523.1491,Et iste nulla esse nesciunt natus.,Lindseychester,QLD,2640,covers/4c7b1738bcda33615763073a434d71a0_cover30.jpg,$2y$10$5e08ea12370119b368da7b6c6b84bde5,2025-04-14 05:40:53,2025-04-14 05:40:53
Jessica,Sims,atkinsoncrystal@riley.com,0448-872-563,Quasi enim iure magni id magnam optio sed rem nostrum.,West Sean,QLD,2659,covers/653b9bf9cbac428b15b9048a36b6610f_cover10.jpg,$2y$10$818436cdb7e6bfbc2a96971a4e055f0d,2025-04-14 05:40:53,2025-04-14 05:40:53
Cynthia,Hill,nicholasgray@hotmail.com.au,+61-418-463-865,Laborum laboriosam nobis magnam consequuntur cumque aspernatur officia.,West Jacob,QLD,2979,covers/8fb4435728a5d158c46fe08fdd5be0b9_cover17.jpg,$2y$10$659bea87e7db46f253d16897a7b86b9d,2025-04-14 05:40:53,2025-04-14 05:40:53
Brian,Scott,kgreene@smith.net,3797.7236,Consequuntur nesciunt quisquam numquam magni cumque placeat ullam nisi architecto.,Cruzville,QLD,2038,covers/248dd330bde9d628905be469f73e639a_cover9.jpg,$2y$10$98bb5eb8c8d8fb7a1ae5499920ee55f7,2025-04-14 05:40:53,2025-04-14 05:40:53
Nancy,Wolfe,shawnaolson@yahoo.com.au,(02)62473149,Illum deleniti quae ratione neque blanditiis ab omnis porro et.,Danielchester,QLD,6448,covers/2551c30cf67b794f1eeac9d731ed6a03_cover16.jpg,$2y$10$4b4d09c1e5fb00e5d9629a6a9f914ec3,2025-04-14 05:40:53,2025-04-14 05:40:53
Craig,Romero,martintamara@gmail.com,2796.1143,Aspernatur alias fugit voluptates nostrum maxime quae nisi.,St. Scott,QLD,2668,covers/239f8488a52cecfd761e38bc971eb0fd_cover17.jpg,$2y$10$0c84192eea750ee238d819cb1ffaf973,2025-04-14 05:40:53,2025-04-14 05:40:53
Jillian,Jones,jessica89@bailey-ochoa.org.au,+61 437 690 426,Autem asperiores eos veniam rem vero soluta repellat nemo.,Churchshire,QLD,2913,covers/b9437ef41575f8aaaa282198d076b576_cover28.jpg,$2y$10$6ce4e1e90c9fdd075d823f1947f3954d,2025-04-14 05:40:53,2025-04-14 05:40:53
Emily,Nicholson,thomasgomez@adams.org.au,+61333433339,Culpa autem ullam perferendis optio nostrum quisquam molestiae.,St. Nathanmouth,QLD,2920,covers/631df2bc99ca383cb8d010c7fca2293b_cover26.jpg,$2y$10$97c6860b72005797454797e46d3f1341,2025-04-14 05:40:53,2025-04-14 05:40:53
Helen,Stevens,craignicolas@nguyen.net,07-3479-5527,Distinctio praesentium fuga sequi eius debitis consectetur nemo dolorem.,New Lindaside,QLD,2606,covers/4e81bc4186d17e8b7537b397b881621f_cover24.jpg,$2y$10$564e2e211c5969d3f6bfd760356bdcf9,2025-04-14 05:40:53,2025-04-14 05:40:53
Brian,Cervantes,colematthew@hotmail.com,(07)50615939,Officiis modi voluptatem eligendi eveniet magni quod ipsum aspernatur nostrum.,Welchberg,QLD,2645,covers/cf54f939fcee430ce8d6adb5bbf909bf_cover15.jpg,$2y$10$4c6958c8a20f7fe99e586015670c838e,2025-04-14 05:40:53,2025-04-14 05:40:53
Ivan,Johnson,shelby13@sanders.com.au,+61206811492,Omnis suscipit est dolorum eligendi.,West Alison,QLD,2640,covers/920ae06a63aa34670bb4ee2a599df329_cover9.jpg,$2y$10$1a1b083e0a48cd8ec1ba4d509c23ed0b,2025-04-14 05:40:53,2025-04-14 05:40:53
Amber,Ballard,michael42@hotmail.com,0825 4780,Veniam labore ab inventore eos doloremque ab fugiat illum.,Fosterburgh,QLD,2986,covers/5d212c646a05a0be1f5d89c284eb4293_cover32.jpg,$2y$10$8d200a41b5130867d4f715c8253e2697,2025-04-14 05:40:53,2025-04-14 05:40:53
Jackie,Vasquez,hernandeztara@gmail.com,02-4427-0312,Laudantium exercitationem est reiciendis.,Steventon,QLD,2951,covers/ac45ad08554a6f52e742c79eb16a2aef_cover6.jpg,$2y$10$f51f7e25a61009c3c7c73e5f1f2e5931,2025-04-14 05:40:53,2025-04-14 05:40:53
Adriana,Hendrix,tmaldonado@hotmail.com,02-8814-7435,Sint dolor beatae odio eveniet.,New Brenda,QLD,2993,covers/df0d72ee2de75124320b438176aaa20c_cover4.jpg,$2y$10$763cce6de6e2d76c30dfee80a718195e,2025-04-14 05:40:53,2025-04-14 05:40:53
Jesse,Holden,bquinn@yahoo.com.au,(03)40778487,Necessitatibus molestiae eum iusto sint nisi.,East Amanda,QLD,2614,covers/5f190201efcd05bbecc0caa67c94ddcd_cover8.jpg,$2y$10$2cf3ef6a8f273fe307df6abd4b519eca,2025-04-14 05:40:53,2025-04-14 05:40:53
Chloe,Morris,davisdonna@gmail.com,03 0317 3109,Omnis minima praesentium ducimus facilis non architecto ut.,St. Sarah,QLD,2470,covers/e55c9afc6e1795c1bd536b5c80aa7c14_cover10.jpg,$2y$10$3244d2583f8438794bc2b2cb7ae2d42a,2025-04-14 05:40:53,2025-04-14 05:40:53
Colleen,White,mirandabarbara@yahoo.com.au,+61.461.228.685,Modi nobis ut temporibus mollitia voluptatum.,Robertchester,QLD,2949,covers/25129c83dba0a755f67f3c4d063b7ad6_cover11.jpg,$2y$10$fdb725e9e7a8837c3c77e82caf097da7,2025-04-14 05:40:53,2025-04-14 05:40:53
Samantha,Dixon,johnsonmichael@baker.org.au,0741969315,Cupiditate repudiandae porro nemo tenetur nisi error quasi nemo.,North Sandramouth,QLD,2966,covers/a95b4a5bb089b19335b26b65fdb70252_cover28.jpg,$2y$10$0648c3003cbe4c3be64b84f5b152292d,2025-04-14 05:40:53,2025-04-14 05:40:53
Christopher,Reynolds,davidmiller@hotmail.com.au,8641-6862,Laboriosam dicta hic necessitatibus natus voluptatum.,South Charles,QLD,2605,covers/b51f1df7fd86e407d2810eb4ddbf7cde_cover5.jpg,$2y$10$2900db871367879d2d31f548afbccb73,2025-04-14 05:40:53,2025-04-14 05:40:53
Katherine,Farrell,sanchezchristine@melton.com,(02).4770.5383,Molestias quibusdam molestias numquam voluptatibus possimus.,Port Brandyhaven,QLD,2142,covers/ecd53c6bd61d26af3ba4ab38a65e7df5_cover25.jpg,$2y$10$b6a4b15114876f1c272c846ef17b7521,2025-04-14 05:40:53,2025-04-14 05:40:53
Rebecca,Washington,jamesrasmussen@house.edu,(07)-7620-5554,Voluptatum voluptatem eius aperiam ducimus harum voluptatum.,New Jeremiahmouth,QLD,2992,covers/6f4107f59fa45341a9ce948a6d7222a9_cover25.jpg,$2y$10$a2b66fd7b30be21a1f5f716692190ec3,2025-04-14 05:40:53,2025-04-14 05:40:53
Renee,Jordan,lonniegrant@wilson.com,(08).6474.2312,Ad voluptates nulla non nostrum nisi.,North Michael,QLD,2912,covers/c868695cf6bbee2814f218d4cccc2283_cover30.jpg,$2y$10$7026d8868e2b72677f1a361113b7255a,2025-04-14 05:40:53,2025-04-14 05:40:53
Michelle,Burns,bclay@yahoo.com.au,9656-9998,Odit provident aliquam autem itaque soluta soluta doloribus modi voluptates.,Port Zacharyton,QLD,2664,covers/705a6be26685ad4bf3338034e6f2075d_cover17.jpg,$2y$10$7200d36518d5040de07344515c20e6a8,2025-04-14 05:40:53,2025-04-14 05:40:53
Shannon,White,udavis@wong.com.au,1751.8689,Fugiat fugit quisquam totam natus optio.,West Misty,QLD,2650,covers/f404e9b133ae50447a34e54bb997535d_cover1.jpg,$2y$10$b81e3d54f157a2b6a2a7ac0c25b26e58,2025-04-14 05:40:53,2025-04-14 05:40:53
Scott,Burke,nicoleramirez@grant.org,5020-9945,Aliquid impedit debitis perferendis nostrum.,St. Kara,QLD,2970,covers/7c35d6f95ca048fab027706cea416409_cover8.jpg,$2y$10$024fd3c365323b21b62b05d253e8a860,2025-04-14 05:40:53,2025-04-14 05:40:53
Jennifer,Jacobs,ulynch@hotmail.com,0499 529 978,Libero repellat sunt doloremque enim deserunt blanditiis iure reiciendis qui dignissimos.,Gutierrezmouth,QLD,2968,covers/2ae933609c619846f5beee2f6201351c_cover18.jpg,$2y$10$973e76e2dac8a61e3b685097c82c53e4,2025-04-14 05:40:53,2025-04-14 05:40:53
Sabrina,Robles,dmoore@huang.com,0449 588 039,Reiciendis suscipit explicabo voluptas eligendi adipisci voluptates occaecati.,Port Jacob,QLD,2619,covers/c99ca057f0cd9dec6c1ff9bc1cbd1056_cover22.jpg,$2y$10$8784746f23ddfd1267d7d03c99cda032,2025-04-14 05:40:53,2025-04-14 05:40:53
Angel,Webb,matthewwebb@collins.com.au,0423 076 810,Ut porro nisi assumenda iure aliquid maxime.,Andrewport,QLD,0935,covers/feae5f788c3d198333d818e87e2e1406_cover8.jpg,$2y$10$a5cafe6d27842f7a521ca9e908c4987c,2025-04-14 05:40:53,2025-04-14 05:40:53
Charles,Austin,bwilliams@yahoo.com.au,+61.401.601.662,Tempora occaecati porro ipsum explicabo ex dicta quis repellat aspernatur.,Bradleyland,QLD,2901,covers/c49a949976da90d601abcf6ff9169ba4_cover19.jpg,$2y$10$1717f54f9103281a9c694a84d5fd3aea,2025-04-14 05:40:53,2025-04-14 05:40:53
Timothy,Singleton,cassandra28@gmail.com,+61 2 5814 8769,Dolores doloribus culpa laboriosam architecto dignissimos possimus inventore.,Bradleymouth,QLD,4321,covers/892220601361c6b9145b2c15ee0f11d0_cover28.jpg,$2y$10$551b4d6cd1160748ed3c2c20ac1b97b5,2025-04-14 05:40:53,2025-04-14 05:40:53
Lisa,Clay,donnachavez@price-lane.org.au,07.4946.5190,Voluptates illo consectetur eos fuga molestias amet provident reprehenderit facere similique.,South Ryanshire,QLD,2995,covers/f35b729446c973d791ddba00c888955b_cover11.jpg,$2y$10$c10e408d1a6e3406edfd5398fb04d787,2025-04-14 05:40:53,2025-04-14 05:40:53
Theresa,Taylor,ydalton@munoz.edu,+61-8-6532-6909,Sed dolores magnam illum molestias facilis voluptatem necessitatibus provident.,St. Suzanneland,QLD,2638,covers/c11203f8a8395cb86698fd40f22e4153_cover30.jpg,$2y$10$1e2b6fb328d385df0c679bf1356f7886,2025-04-14 05:40:53,2025-04-14 05:40:53
Shawn,Escobar,zgomez@hotmail.com,(03)-0949-4079,Nemo omnis eos qui ad laborum.,East Melissa,QLD,2842,covers/96038a33e341c91ba48e62afc4aa7fc2_cover1.jpg,$2y$10$74e3746c5ae1044ce3168dd62424e5a1,2025-04-14 05:40:53,2025-04-14 05:40:53
Caitlin,Underwood,ptownsend@yahoo.com.au,+61-423-950-410,Iure labore labore veniam ullam doloremque.,Wellsberg,QLD,8604,covers/56f1f8257784f7bc48f51cd99bd9b227_cover17.jpg,$2y$10$113187ad99226f035d1fedbea8b96b9c,2025-04-14 05:40:53,2025-04-14 05:40:53
Kendra,Curry,erica25@smith.biz,81753443,Ad at vel omnis saepe.,East Christopherberg,QLD,2989,covers/da7fc5c27d8267cb7676dd4bc9cefbf6_cover12.jpg,$2y$10$6344b17b54e4fed6e2042762bbd9391a,2025-04-14 05:40:53,2025-04-14 05:40:53
Paul,Ferrell,gregory17@yahoo.com,+61 462 712 863,Officia totam quaerat aut asperiores necessitatibus dolorum ipsum tempore corrupti odit.,Port Josephmouth,QLD,2999,covers/9e2e8a5b630000a1cd94a42059ec04d8_cover7.jpg,$2y$10$1fbcd42f3e5ff5aa4ed2bd7fcc1f5dd1,2025-04-14 05:40:53,2025-04-14 05:40:53
Cynthia,Benjamin,amanda51@hodges-roberts.org.au,02-6346-1571,Ipsa deleniti alias ad voluptatum dolores harum recusandae officia libero vitae.,Levytown,QLD,2150,covers/5cf0e4d014cf9f19662525c47089b119_cover20.jpg,$2y$10$4833b4c7d5c7f329b3581072a4237f0d,2025-04-14 05:40:53,2025-04-14 05:40:53
Jacqueline,Anderson,conwaylori@bryant.edu.au,1179.9313,Excepturi saepe qui illo blanditiis placeat molestias eum vitae.,North Brittany,QLD,2951,covers/e5ce454882c362bb2f10266a17db207a_cover13.jpg,$2y$10$f2fd7b827270d12fb620b5603176cf86,2025-04-14 05:40:53,2025-04-14 05:40:53
Olivia,Butler,jamiebowman@hotmail.com.au,+61.8.3290.9279,Occaecati quos expedita a doloremque.,East Christineside,QLD,3373,covers/3f137740e157b9cd0c8274937d7675ff_cover10.jpg,$2y$10$351e028a0f6d5b5d1f0165721cfdedbb,2025-04-14 05:40:53,2025-04-14 05:40:53
Zachary,Jones,uwatkins@gonzalez-rhodes.net.au,0253136363,Iusto laborum tempora corporis unde.,Thompsonstad,QLD,2627,covers/6cfd612bcd2bcc2ecc0c6ea18f834e28_cover24.jpg,$2y$10$f7ed8d8bb05277ca76f6f5bafb5de317,2025-04-14 05:40:53,2025-04-14 05:40:53
Christopher,Vincent,brittanyhood@hotmail.com,6335 6939,Totam tempore in aliquid voluptatibus quasi.,Port Amandafort,QLD,2577,covers/dc95c9f04ac586d857154217d98a5b6f_cover11.jpg,$2y$10$ebf148c9e070c38a81e866c7905948f8,2025-04-14 05:40:53,2025-04-14 05:40:53
Courtney,Padilla,cruzhannah@johnson.edu.au,0493-195-085,Beatae facilis nulla facilis cupiditate.,South Devonmouth,QLD,2698,covers/38285e6af17dc6f5a72bf5acd1ba9bcf_cover1.jpg,$2y$10$d7963a3171f0c5402968c2963c3adbf3,2025-04-14 05:40:53,2025-04-14 05:40:53
Micheal,Nunez,patriciaellis@myers.net,1241.2723,Veritatis ad impedit placeat ut labore in qui accusantium deleniti.,South Maryhaven,QLD,2956,covers/20dd49de4f5a88e5d4255db6959947ca_cover21.jpg,$2y$10$c1b71808c2e00f2068083dc1967887af,2025-04-14 05:40:53,2025-04-14 05:40:53
Stephen,Jackson,ian22@young.net.au,0427.452.380,Voluptatem corporis ipsum voluptate modi commodi ad ut.,St. Sarah,QLD,2630,covers/916f4c184fa25babeea53b0b377f1c77_cover32.jpg,$2y$10$9ba1b27464faccde51785cf3408474f3,2025-04-14 05:40:53,2025-04-14 05:40:53
Erica,Wilson,owilliamson@howard-nguyen.edu.au,+61-439-834-301,Sed perspiciatis vero voluptate hic laudantium nobis maiores animi pariatur.,Hernandezchester,QLD,2976,covers/0305ba6679c7a0731c3cc531b77c11f2_cover2.jpg,$2y$10$efb76c8459740eb1239aac876c5d538f,2025-04-14 05:40:53,2025-04-14 05:40:53
Kevin,Mcneil,fitzpatrickbrittany@yahoo.com.au,0646.2879,Dicta rerum enim laudantium reprehenderit error.,Troymouth,QLD,2680,covers/057ed5912ab36c3728a0298965173335_cover8.jpg,$2y$10$873d6174d568a5d92f6afcd68464e93f,2025-04-14 05:40:53,2025-04-14 05:40:53
Miranda,Burton,brooksjessica@gmail.com,(03) 9025 7252,Earum in totam explicabo enim.,South Katieburgh,QLD,2592,covers/4f2c1d3ba6218854bb9787ad6c246bea_cover24.jpg,$2y$10$f93103af5f08e2b51fd9c9b531621f85,2025-04-14 05:40:53,2025-04-14 05:40:53
Jeffrey,Lopez,estevens@fuentes.info,(07)52798524,Quia blanditiis consectetur possimus porro.,Davidberg,QLD,2461,covers/6f78e5cd9731084609fa71ebeeec8434_cover20.jpg,$2y$10$e0ca4da5855c2c81b43ddbd49743048a,2025-04-14 05:40:53,2025-04-14 05:40:53
Anthony,Thomas,michael89@yahoo.com,0491 190 833,Cupiditate quidem a quas unde ullam sed.,Richardsonshire,QLD,2657,covers/c09847ce2521a83828b0a6bd92e9940b_cover16.jpg,$2y$10$f7cea5326de91027b24edc541e535374,2025-04-14 05:40:53,2025-04-14 05:40:53
Justin,Burke,aperez@hotmail.com,+61-3-1752-0716,Minima perspiciatis blanditiis hic possimus voluptate qui tempora cumque.,Theresamouth,QLD,2669,covers/72efb4708faef80d0749bd217bef6137_cover4.jpg,$2y$10$8864718f84569ecb832bd3a6ed2fce66,2025-04-14 05:40:53,2025-04-14 05:40:53
Katrina,Rodriguez,ocrawford@yahoo.com,1017 0269,Corrupti numquam atque asperiores quibusdam quisquam recusandae dicta.,Henryview,QLD,4588,covers/14bde4456f6fc0e33a919bb1452c5892_cover16.jpg,$2y$10$7bd07d4a0198e6b748ada97423781dbb,2025-04-14 05:40:53,2025-04-14 05:40:53
Emily,Keller,khart@hotmail.com.au,6479-6954,Aperiam nihil consectetur facilis repellat nesciunt quisquam numquam.,Davisstad,QLD,2966,covers/ee38b9abea16b631ab587574545fd232_cover6.jpg,$2y$10$6973a3a8eeb2b893951d8a81a639db82,2025-04-14 05:40:53,2025-04-14 05:40:53
Brianna,Odom,gmorris@yahoo.com.au,35785294,Voluptas dicta odio voluptate asperiores sed distinctio eaque.,Wendyfurt,QLD,2689,covers/c10036549f332f02acce0a56966c305d_cover6.jpg,$2y$10$191cc806c2bcb9c2a94be4fa786961f9,2025-04-14 05:40:53,2025-04-14 05:40:53
Colleen,Chavez,burtonzachary@ray.info,(08) 9083 5723,Quia quisquam sapiente illum similique tenetur.,Port Joseph,QLD,2922,covers/8ba1eca82e4bae48877cd69ac62d0d9a_cover32.jpg,$2y$10$84cc3c3e26558feac9af3e52de516421,2025-04-14 05:40:53,2025-04-14 05:40:53
Tamara,Tucker,heathchristopher@evans.net.au,+61.416.231.981,Optio neque quod minima libero at nobis quo et rerum.,Shafferbury,QLD,2603,covers/1e16a009fc66aa595a9bda88d99b0877_cover5.jpg,$2y$10$e327be0e751d288a1cfa604a9420064e,2025-04-14 05:40:53,2025-04-14 05:40:53
Andrew,Rasmussen,vazquezkristina@king.net,+61-451-837-606,Error vel quidem error similique cum ipsa.,Natashachester,QLD,2141,covers/e1b67e35e767dd326d4ff1f470b4c3ec_cover9.jpg,$2y$10$efcc1af8fe885b5da75ddc1ed66e36c7,2025-04-14 05:40:53,2025-04-14 05:40:53
James,Torres,moorezachary@hines.net.au,+61.8.2429.5431,Facilis hic fugiat rerum necessitatibus accusantium ad nam nostrum.,East Terri,QLD,2664,covers/9eb8c089fd0b108f1838cbb29c87c37d_cover9.jpg,$2y$10$3474aa15fc7c94fe3148dd7fc0714ce0,2025-04-14 05:40:53,2025-04-14 05:40:53
Patrick,Reynolds,wandacampbell@lopez.com,(07)-3973-5971,Iusto sit voluptate id.,Port Jeanette,QLD,7411,covers/80b2a5bbc39c228dd5730a6b92d7719d_cover31.jpg,$2y$10$a562bf42f8d3bfdab8af0b60ad0b6065,2025-04-14 05:40:53,2025-04-14 05:40:53
Jorge,Gordon,uanderson@hotmail.com.au,+61-3-4150-2745,Eligendi soluta nostrum quis eaque est tempora et voluptatum.,St. Brian,QLD,2630,covers/82be266ebe7137bbbf267f01f636f45f_cover11.jpg,$2y$10$79ab80d9a8ad4279414927b45467f110,2025-04-14 05:40:53,2025-04-14 05:40:53
Henry,Jackson,brandybonilla@hotmail.com.au,0426.137.150,Perspiciatis perspiciatis hic nihil veritatis saepe corrupti.,St. Mariahfort,QLD,2904,covers/08b1503cb566acd2e946fc398648866a_cover17.jpg,$2y$10$d6507fb9b5362c5dbdfa9247022ff5e4,2025-04-14 05:40:53,2025-04-14 05:40:53
Raymond,Thompson,smithjared@yahoo.com.au,+61 7 2147 6492,Pariatur rerum maiores laudantium suscipit labore natus in.,Shepherdburgh,QLD,2606,covers/10671d18a9f3aa747901ab32e51af038_cover28.jpg,$2y$10$d673d8ef7dca958fb86bb8a578a74d67,2025-04-14 05:40:53,2025-04-14 05:40:53
Kenneth,Williams,palmerwilliam@davis-guerrero.edu.au,(07) 4918 0172,Sapiente aliquid impedit provident et quam.,Hansonview,QLD,2952,covers/bf42c2f78aa5d26dd1dd617a128b53d2_cover14.jpg,$2y$10$ca0de44cf3c2d048eef354ae8ff40c5e,2025-04-14 05:40:53,2025-04-14 05:40:53
Linda,Miller,leelisa@waller.org,+61-436-831-472,In blanditiis temporibus qui ipsum laborum accusantium ipsum doloribus.,Ashleyfurt,QLD,2250,covers/db21d0454f05b727f308efa93f55c47c_cover13.jpg,$2y$10$a7fccb32a82f7106d16c369047e411a1,2025-04-14 05:40:53,2025-04-14 05:40:53
Barbara,Tran,hsmall@yahoo.com.au,+61 457 602 437,Ipsa magni nesciunt placeat ullam sequi quaerat iusto.,Jenniferfurt,QLD,0257,covers/4f453d12da34e87aed8a726ca3675767_cover20.jpg,$2y$10$25ad0279941b6807e85c220ad6cf8d46,2025-04-14 05:40:53,2025-04-14 05:40:53
Gregg,Villarreal,morgandaniel@martinez.info,(07) 5084 2891,Unde ipsa itaque sapiente beatae.,East Madisonton,QLD,3121,covers/5cdff621a8a98c522fd7a6953a5434bb_cover26.jpg,$2y$10$919200c76d1f18f23bb48f6f35973ba3,2025-04-14 05:40:53,2025-04-14 05:40:53
Justin,Jackson,jennifer65@yahoo.com,08 3266 6785,Ipsam quo quaerat maxime architecto.,Leroyburgh,QLD,2600,covers/a05c95d429708d61ee43d6b601ead7f6_cover24.jpg,$2y$10$830b9db6b2b63bc497c72d7527632da4,2025-04-14 05:40:53,2025-04-14 05:40:53
Cheryl,Thomas,ischneider@hotmail.com.au,+61 475 634 108,Harum quaerat sunt maxime molestiae distinctio maiores est.,Katherineburgh,QLD,2008,covers/dfe0bd65e6a32bbd2f251e3fe6372283_cover29.jpg,$2y$10$c44c83c3cfcb3c1f1d9789407b0a48d4,2025-04-14 05:40:53,2025-04-14 05:40:53
Megan,Hall,elizabeth92@yahoo.com.au,0431 589 357,Corporis incidunt illum at incidunt.,St. Jason,QLD,2358,covers/bbd5347b798cae23e4df6a3041e238c4_cover29.jpg,$2y$10$21bfd201639e03892acba9bd51acfa32,2025-04-14 05:40:53,2025-04-14 05:40:53
Thomas,Francis,guzmanricky@gmail.com,(07)08215454,Laborum ratione consequuntur nihil aliquid tempora suscipit.,West Lori,QLD,2920,covers/b9219b2332891106a1d68d054d693540_cover8.jpg,$2y$10$c9c666d50c7768062d1bfe63c5c34839,2025-04-14 05:40:53,2025-04-14 05:40:53
Lauren,Beck,zhall@hotmail.com,0407-412-094,Officia officia assumenda veritatis molestiae quidem vero maxime quibusdam magnam.,East Dominiqueside,QLD,2650,covers/4057c2c15a2023735436810584a39f2e_cover16.jpg,$2y$10$659b25a3a7714e933fba00ad2fe9f924,2025-04-14 05:40:53,2025-04-14 05:40:53
Justin,White,kristopherrussell@brown.org,0461 5265,Fugiat repudiandae commodi dicta quibusdam nesciunt laudantium.,Averyview,QLD,2257,covers/408236c3d5fc7d40a9264e669f18b2fa_cover15.jpg,$2y$10$3e810141474d162e23b8c7ea7ab7fade,2025-04-14 05:40:53,2025-04-14 05:40:53
Amber,Jackson,jali@williams-hess.edu.au,(03)-0074-9465,Distinctio sapiente eligendi cum modi architecto at praesentium rerum quam voluptatum.,Clarkhaven,QLD,2945,covers/f73bcb10cd1a6473572594c6222b3520_cover5.jpg,$2y$10$94448ac7a070f96b78833d897bbb5557,2025-04-14 05:40:53,2025-04-14 05:40:53
Paula,Warner,cobbdebra@gmail.com,0407-156-956,Saepe repellat voluptates commodi fuga deserunt.,South Juliaview,QLD,2963,covers/d08b1c5933dc401b5d3f7a4b95bef071_cover22.jpg,$2y$10$1088c28f8b890576d0f2f3652029e343,2025-04-14 05:40:53,2025-04-14 05:40:53
Donna,Knight,chapmanjulie@green.org.au,0443 089 487,Vel odit velit amet.,Ryanchester,QLD,2818,covers/8273c10a532a49781941f5c9b62a857e_cover2.jpg,$2y$10$6420f76b8d179774fb0026b7c457e542,2025-04-14 05:40:53,2025-04-14 05:40:53
Lance,Garrett,castillolindsey@robles.org.au,73505831,Nulla quisquam numquam neque assumenda aperiam alias et sed aperiam.,North Samantha,QLD,2610,covers/b41d2cb7c2e8ec0832a9dccd9c6163bf_cover15.jpg,$2y$10$cde37b28c040f0e0f6201561166dd864,2025-04-14 05:40:53,2025-04-14 05:40:53
Debra,Lowe,lholmes@rodriguez.edu.au,9392.8456,Quam ipsam doloribus reiciendis aperiam est ipsa vero quidem.,Brandyside,QLD,2632,covers/e916daec94d7ca98d29fbf53ccb1ba37_cover15.jpg,$2y$10$75d5377a3335278e3c0bfc30e79fc152,2025-04-14 05:40:53,2025-04-14 05:40:53
Heather,Holden,christina65@yahoo.com,70730337,Distinctio laboriosam quisquam repellendus rem fugiat id repudiandae ab ab facere.,West Kellyborough,QLD,0995,covers/79d07a2c2904b8c34c522e14caad0b85_cover1.jpg,$2y$10$68764bcd1f1b2af12aa7d11ce878c76a,2025-04-14 05:40:53,2025-04-14 05:40:53
Kevin,Allen,shelleyrowland@hotmail.com.au,+61-2-1223-3865,Nobis voluptate doloribus aliquid nulla deleniti modi ratione.,Johnview,QLD,2628,covers/74d5efe5fe1881c2ad9e799900c99689_cover5.jpg,$2y$10$f3e738ac13a91d287465ce663ed77142,2025-04-14 05:40:53,2025-04-14 05:40:53
Richard,Morse,jeffreyharris@foster.biz,+61 3 5481 2147,Expedita nesciunt iure numquam incidunt iusto illum rem et fugit.,St. Jesus,QLD,2351,covers/6c667bac003a1acb2b1f5b522a4c0f49_cover4.jpg,$2y$10$9277e06c298a2301a323ce75b8a5a9de,2025-04-14 05:40:53,2025-04-14 05:40:53
Yesenia,Goodwin,carrillojuan@hotmail.com,+61 8 9078 2633,Labore maiores ratione quidem quam itaque.,Lake Meganchester,QLD,0237,covers/8b180398785f146fe576c2e4da1373f4_cover15.jpg,$2y$10$3706cd3aa2462851a9a77d44940bc3fb,2025-04-14 05:40:53,2025-04-14 05:40:53
Ashley,Johnson,tiffanygamble@soto.biz,+61 3 6186 3715,Vitae odit esse cupiditate perferendis debitis repudiandae nobis ad dicta.,Campbellbury,QLD,2928,covers/a6b6fc540d3a379a56a8e9b7e5a8f1ef_cover5.jpg,$2y$10$f1e6d771c4c2d18ece8cf69bdba9d06e,2025-04-14 05:40:53,2025-04-14 05:40:53
Erik,Andrews,waynecohen@hotmail.com,02.2716.9385,Sunt itaque nemo qui enim sunt itaque praesentium quae error.,Port John,QLD,0867,covers/7b6812ad5095e85588c337d2c57691e8_cover3.jpg,$2y$10$471994e335c9ffead1f9f39878da45aa,2025-04-14 05:40:53,2025-04-14 05:40:53
Wanda,Jones,robert24@hunter.com,7656.3600,Beatae totam eveniet quibusdam laborum architecto molestias.,St. Donald,QLD,2822,covers/1c53e515dac0eda12a7a2a84bac426db_cover22.jpg,$2y$10$51f43c1dbb207c78d2cf360f8031256c,2025-04-14 05:40:53,2025-04-14 05:40:53
Peter,Parker,williamsnicholas@mcfarland.org.au,02.0600.5313,Reiciendis rerum cumque cumque impedit.,Lake Marcusborough,QLD,0838,covers/7a0718a7e4c0f40f719f57879bbc22e2_cover5.jpg,$2y$10$1255471fdb91db617dfa5376747c7f77,2025-04-14 05:40:53,2025-04-14 05:40:53
Victor,Mooney,susan95@horton.org,(03).5715.0997,Maiores quia magnam provident accusamus accusantium quis commodi.,Port Katherine,QLD,0810,covers/8b2a94276a22b842a92fc2090f183b6e_cover16.jpg,$2y$10$856d2eff2f8a6804cee186bca95683b0,2025-04-14 05:40:53,2025-04-14 05:40:53
Melanie,Rivera,amberknox@mcneil.org.au,+61 468 527 017,Veritatis amet voluptatibus vel commodi.,South Joel,QLD,2467,covers/b05c05194effc6592fd654145f0e74ca_cover18.jpg,$2y$10$fcb1b05e057f8a328f669141d9832853,2025-04-14 05:40:53,2025-04-14 05:40:53
Jessica,Wolf,gillronald@gmail.com,(03)-8246-7474,Natus laboriosam ex quaerat deserunt totam a similique.,Travischester,QLD,2995,covers/ae97e18d7123074a461a3352097cfcd1_cover32.jpg,$2y$10$e92107dfda9537fe4577e0ffcbe007e2,2025-04-14 05:40:53,2025-04-14 05:40:53
John,Johnson,terrydeanna@hotmail.com,+61 472 439 920,Quo officia totam id nesciunt.,South Nancyburgh,QLD,2604,covers/0a71ff5e7cb28be959455a1090211524_cover14.jpg,$2y$10$7fda287dedc51755764d8e63a55baf71,2025-04-14 05:40:53,2025-04-14 05:40:53
Lisa,Smith,pwarren@quinn-jackson.net.au,03-3728-1793,Dicta quibusdam repellat deleniti voluptatem sit.,Simsville,QLD,0921,covers/6ddc760200abe939d05f648b39b77d87_cover9.jpg,$2y$10$8b56f8a6e81bb8b7e58531429d13ef6c,2025-04-14 05:40:53,2025-04-14 05:40:53
Abigail,Hayden,vkennedy@hotmail.com.au,+61-7-5553-5669,Voluptate sit rem a sit.,Hardyberg,QLD,2091,covers/ed63226f3ac724d702830e10231b5d54_cover31.jpg,$2y$10$05b014ef67fbfcd52e4ef4efd34e89bd,2025-04-14 05:40:53,2025-04-14 05:40:53
Catherine,Ross,ronnie71@cruz.edu,0480.271.487,Tempore veritatis laboriosam molestiae doloribus cupiditate.,East Ryantown,QLD,2645,covers/52cf949ebd7b3a5886897c8177cefd45_cover16.jpg,$2y$10$ccec0a3d17b8b398a2dca46a6f2af343,2025-04-14 05:40:53,2025-04-14 05:40:53
Renee,Paul,ostokes@hotmail.com,41115931,Facilis sequi veritatis nemo a aperiam modi sed voluptatem eum.,Laurenberg,QLD,8993,covers/62bc0e01217060c6747a9d2e2db38a94_cover31.jpg,$2y$10$f4fc60a4af13bc5b99ab54061e683c30,2025-04-14 05:40:53,2025-04-14 05:40:53
Crystal,Lewis,zbrown@hotmail.com,03 3027 6420,Hic in labore expedita hic asperiores quas eligendi ullam praesentium.,Davismouth,QLD,6047,covers/1b57918a4fbe586c63bfd336ae4ab251_cover27.jpg,$2y$10$6637e872d44f65d32de3c3c56892d815,2025-04-14 05:40:53,2025-04-14 05:40:53
Michael,Wells,bairddebra@hamilton.org.au,1367-4926,Quod sint officiis eius officiis.,Alexanderville,QLD,2417,covers/717b7ded07371c3ca64f883c47005e9a_cover13.jpg,$2y$10$5a4690b8cb081be962d8d94a99811a89,2025-04-14 05:40:53,2025-04-14 05:40:53
Richard,Haynes,lbrown@hotmail.com.au,+61-413-129-208,Reiciendis commodi consectetur dignissimos cum natus sed alias voluptatem.,Michaelside,QLD,2646,covers/6f2ae5de4cb5745a8c23c630cca78fa0_cover7.jpg,$2y$10$c11d495ef113c1f4433bbfc7853fdc37,2025-04-14 05:40:53,2025-04-14 05:40:53
Kevin,Wall,brittanyramirez@dean.biz,+61-426-714-628,Architecto quasi voluptatum possimus deserunt fuga.,Port Lorraine,QLD,2946,covers/2c57ccc630f53a7a7925a315d992cd7f_cover7.jpg,$2y$10$bd16fe14c6007a29bff88e8120c57cd6,2025-04-14 05:40:53,2025-04-14 05:40:53
Alisha,Hutchinson,ricejackie@hotmail.com,0449-102-562,Rem perspiciatis ratione mollitia sunt illo nihil ea.,West Douglas,QLD,5405,covers/80fa37bf463a0da64be6544a2db9c372_cover28.jpg,$2y$10$829d4c4a56bfb60dfc4a1abdcd994529,2025-04-14 05:40:53,2025-04-14 05:40:53
Megan,Walters,shirleymartin@miller.edu,+61268277881,Accusamus deleniti rerum ab incidunt modi exercitationem voluptatibus.,St. Tamihaven,QLD,2682,covers/c153d0f211362c30f42c795f71e8cfae_cover23.jpg,$2y$10$784ae7ecb20205974d4b5df63e9d2010,2025-04-14 05:40:53,2025-04-14 05:40:53
Phillip,Leblanc,fstafford@kelly.info,(07).5105.2650,Inventore deserunt minus tempore illum.,Smithview,QLD,2687,covers/e1b45b21141ad3a2e092c1b6fb6cf8c0_cover28.jpg,$2y$10$fbf588fa2ac69bd157547f6feb3e26a1,2025-04-14 05:40:53,2025-04-14 05:40:53
Robert,Rivera,elizabethvaughan@bird.info,+61.425.686.211,Commodi exercitationem accusamus placeat.,Lake Russelltown,QLD,2607,covers/4ed2a575527cc810e98bde216afc231c_cover27.jpg,$2y$10$a1c5b65b98ab607022055615e2861eae,2025-04-14 05:40:53,2025-04-14 05:40:53
Jacob,Bond,davidmorales@mooney-hickman.biz,9310 6684,Dolore incidunt aperiam incidunt amet beatae facilis.,Jenniferbury,QLD,2940,covers/01e5790a2b82be75e57463af477b4dde_cover30.jpg,$2y$10$e5cf64bc7314dd939729458de0b0d47f,2025-04-14 05:40:53,2025-04-14 05:40:53
Cassandra,Allen,breannamiller@gmail.com,02 0933 7118,Exercitationem quas voluptatibus dicta quam aliquam deleniti mollitia dolorum soluta sequi.,Patriciamouth,QLD,0916,covers/2aaf5c8b283d0163f9d440a7fa471e74_cover4.jpg,$2y$10$0a91fd9312a42aaa4b50a085635fbb97,2025-04-14 05:40:53,2025-04-14 05:40:53
Karen,Cruz,nlawson@yahoo.com,2939 0878,Ea sequi eos eaque blanditiis dolore modi eos odit velit.,Saraview,QLD,2233,covers/ed02c1c503f9f8a5c0548ff5e6be9d36_cover7.jpg,$2y$10$371ce404a64f789891830d998d18ad4f,2025-04-14 05:40:53,2025-04-14 05:40:53
Amanda,Irwin,qbautista@walters.org.au,(07).3962.7365,Temporibus atque delectus delectus similique deleniti.,Hardingburgh,QLD,2920,covers/9a0266c62a3d9ca491e2cbaa40d1d758_cover4.jpg,$2y$10$09fd3b5de89a3dbb523baf86138a920a,2025-04-14 05:40:53,2025-04-14 05:40:53
John,Miller,sparksalbert@daniels.com.au,03.7972.4572,Animi porro occaecati commodi repudiandae aut error.,Thomasbury,QLD,2036,covers/b8e0371be00ded042261c705b931b58d_cover26.jpg,$2y$10$dcbd1dd096184cfd55b5f0c4e71ee65b,2025-04-14 05:40:53,2025-04-14 05:40:53
Edward,Patterson,erinhernandez@hotmail.com,+61 445 147 541,Similique voluptatem quod corporis.,Port Sean,QLD,2911,covers/d642964363e348a19616ef656da21883_cover22.jpg,$2y$10$62cd56d7701515a94359c72181634811,2025-04-14 05:40:53,2025-04-14 05:40:53
Amber,Vasquez,tmiller@rose-frank.org.au,3503.0587,Ullam animi expedita sed sint reprehenderit.,Stevenside,QLD,0233,covers/3e2caa196c073cf723d5f862144fcf0e_cover7.jpg,$2y$10$2336855bae985496fffdf32d490f1c72,2025-04-14 05:40:53,2025-04-14 05:40:53
Chris,Carroll,kathyharrison@yahoo.com,0447 657 041,Animi odit nobis cupiditate cum id.,Fraziermouth,QLD,9498,covers/e24a553ae8b91ad158bccc8988f178b5_cover16.jpg,$2y$10$cb60352ffd9f39089cf1ec65c522ee57,2025-04-14 05:40:53,2025-04-14 05:40:53
Brian,Watson,josephgarcia@hotmail.com,+61 450 342 811,Nisi quidem est mollitia odit adipisci.,Christophershire,QLD,5097,covers/84d3e84e14b657664d633b8ee8aa31d7_cover13.jpg,$2y$10$27b3b5f66d8bf7e8f46d39610619190e,2025-04-14 05:40:53,2025-04-14 05:40:53
Brenda,Reyes,evan71@davis.org,07-7254-5960,Dolores voluptatum non vero necessitatibus voluptatibus atque accusamus.,Amyland,QLD,2920,covers/a75bad6a189d36792c3c640776394322_cover13.jpg,$2y$10$8539ebe8b61a1c41a3c0e11e6bbfbebd,2025-04-14 05:40:53,2025-04-14 05:40:53
Michael,Mitchell,scotthunt@hotmail.com.au,(07).1687.4090,Praesentium natus culpa autem fugiat necessitatibus sequi.,Port Morgan,QLD,2457,covers/a2dbbde0d83f4a34381237b02a0c8168_cover29.jpg,$2y$10$5073bcd4c78412f11dcc6d4ec8e4a0ff,2025-04-14 05:40:53,2025-04-14 05:40:53
Amy,Fry,lukejohnson@schroeder.biz,+61303064421,Architecto illo error quae sit minima.,Jackton,QLD,2465,covers/e9fc1e106531704e6c3cd25b7c16f13a_cover9.jpg,$2y$10$8af6419f5084748c5d625269b7b0841d,2025-04-14 05:40:53,2025-04-14 05:40:53
Elizabeth,Colon,hernandezstephen@yahoo.com,+61716480727,Atque dolor voluptatem in molestias cumque fugiat expedita veritatis voluptas.,Lake Lisatown,QLD,2934,covers/dbc9e51b358d60d791980d7480e89bcd_cover28.jpg,$2y$10$e69be944e5c19dcc151be624a0eddcac,2025-04-14 05:40:53,2025-04-14 05:40:53
Megan,Barker,jacqueline11@gmail.com,0961.7981,Magnam rem pariatur sequi distinctio quod mollitia beatae sequi.,Lake Tammymouth,QLD,0260,covers/422621dbc03ec1e6ed4f86073533fc2d_cover12.jpg,$2y$10$0357903ee326bc6f58a50204a74ebdea,2025-04-14 05:40:53,2025-04-14 05:40:53
Susan,Haney,plee@poole-solis.edu.au,+61-3-6265-8263,Quae commodi blanditiis neque hic.,Maryburgh,QLD,2943,covers/09805e20f0311fc61f61e36250348343_cover18.jpg,$2y$10$c770f49d688b83cd8206c47285ba486c,2025-04-14 05:40:53,2025-04-14 05:40:53
Kaylee,Hopkins,donovancourtney@hotmail.com.au,17911244,At laudantium facere saepe hic laudantium.,Port Charlesland,QLD,2676,covers/726f1d0c979802e92e8fa944c734baaf_cover30.jpg,$2y$10$5cc3501717b6df9d70fc968f3eebeb8f,2025-04-14 05:40:53,2025-04-14 05:40:53
James,Johnson,javierdiaz@johnson.org.au,2447.3158,Iusto repellat ipsa veniam ullam dolorum dicta.,Suzanneville,QLD,6942,covers/b7c8ec21683c652f616ee090c5e98f36_cover16.jpg,$2y$10$0f54513407ea2eee906e8e1bdb1b79ae,2025-04-14 05:40:53,2025-04-14 05:40:53
Robert,Munoz,ljohnson@hotmail.com,+61-3-5313-5525,Ab porro quaerat distinctio necessitatibus eum.,East Paul,QLD,7383,covers/b47a9b35d523e91d39b68d80422898aa_cover5.jpg,$2y$10$878b05e20b8ad6d67e69fd24757349ad,2025-04-14 05:40:53,2025-04-14 05:40:53
Joel,Smith,buckjustin@johnson-ferguson.edu,5017-1644,Quidem id nam est nostrum hic possimus iste.,Lake Sharonville,QLD,2030,covers/ebaad6c0895b731165e81e2e12828f1f_cover29.jpg,$2y$10$11e6b5f35b861a882cc0c72dda278ba0,2025-04-14 05:40:53,2025-04-14 05:40:53
Hailey,Conner,holly29@yahoo.com.au,25296718,Dolores labore laudantium eligendi quo laboriosam at quisquam quae explicabo.,South Heather,QLD,2370,covers/21dea023cbb7f875dd4e4bc1210933e8_cover7.jpg,$2y$10$6f86496c24b92db057d12d8efdcd1896,2025-04-14 05:40:53,2025-04-14 05:40:53
